timestamp,portfolio_value,ada_price,ada_amount,djed_amount,lp_positions,ada_allocation,rebalanced,returns,cumulative_return,hodl_value,hodl_return
2025-03-10 20:26:42.009350,100010.95890410959,0.772456356035689,64735.669609461336,30003.287671232876,20002.19178082192,0.5,True,,0.010958904109581447,100000.0,0.0
2025-03-11 20:26:42.009350,101682.11038868161,0.7981020532147292,63702.448815354735,30504.633116604484,20336.422077736323,0.5,True,0.01670968364751224,1.6821103886816235,103320.01892128326,3.320018921283263
2025-03-12 20:26:42.009350,101456.1845000855,0.7943805458319068,63858.67896213179,30436.855350025646,20291.236900017102,0.5,True,-0.0022218843386757614,1.456184500085489,102838.24317385834,2.838243173858346
2025-03-13 20:26:42.009350,100186.25274191884,0.7743198388934037,64693.06849033925,30055.87582257565,20037.25054838377,0.5,True,-0.012517046293669565,0.18625274191883534,100241.24118380983,0.24124118380983717
2025-03-14 20:26:42.009350,100802.36908249525,0.7836738089450455,64313.983657430064,30240.710724748573,20160.473816499052,0.5,True,0.006149709403380221,0.8023690824952467,101452.17950783983,1.4521795078398236
2025-03-15 20:26:42.009350,99378.66006926168,0.7613651947586848,65263.464073085066,29813.598020778503,19875.732013852336,0.5,True,-0.01412376540543836,-0.6213399307383183,98564.16984722283,-1.4358301527771733
2025-03-16 20:26:42.009350,99374.36791144604,0.7611325535697184,65280.59235239602,29812.31037343381,19874.87358228921,0.5,True,-4.3189934465281965e-05,-0.6256320885539624,98534.05278143023,-1.465947218569763
2025-03-17 20:26:42.009350,97260.8563629521,0.7285899277504705,66745.95177512683,29178.25690888563,19452.171272590418,0.5,True,-0.021268176018762963,-2.7391436370479028,94321.17711991593,-5.678822880084078
2025-03-18 20:26:42.009350,95782.99037141234,0.7062885794898343,67807.26260687821,28734.8971114237,19156.59807428247,0.5,True,-0.015194869208479345,-4.217009628587665,91434.10808535082,-8.565891914649182
2025-03-19 20:26:42.009350,95764.43719643075,0.705860160174073,67835.27573847925,28729.331158929224,19152.88743928615,0.5,True,-0.0001937001017575657,-4.235562803569248,91378.64614081329,-8.621353859186708
2025-03-20 20:26:42.009350,96266.05251771523,0.7131000598147028,67498.27825195367,28879.81575531457,19253.210503543047,0.5,True,0.0052380125229114505,-3.733947482284772,92315.90293002344,-7.684097069976559
2025-03-21 20:26:42.009350,96220.8822130517,0.7122745571427526,67544.79803338484,28866.264663915506,19244.17644261034,0.5000000000000001,True,-0.0004692236097997293,-3.779117786948305,92209.03570503395,-7.790964294966052
2025-03-22 20:26:42.009350,95899.66381305971,0.707362807254284,67786.75866865696,28769.89914391791,19179.932762611945,0.5,True,-0.003338343949920719,-4.1003361869402895,91573.1745524795,-8.426825447520503
2025-03-23 20:26:42.009350,95402.20871910377,0.6998692398359393,68157.16657405003,28620.66261573113,19080.441743820757,0.5,True,-0.00518724544150273,-4.5977912808962245,90603.07865517828,-9.396921344821719
2025-03-24 20:26:42.009350,93807.94223535882,0.6763248115537946,69351.25004496258,28142.382670607643,18761.588447071765,0.5,True,-0.016711001822180216,-6.192057764641179,87555.08402115435,-12.44491597884565
2025-03-25 20:26:42.009350,92932.31995737899,0.6635506712197382,70026.5435543535,27879.695987213698,18586.463991475797,0.5,True,-0.009334201956833654,-7.067680042621005,85901.38019255042,-14.098619807449575
2025-03-26 20:26:42.009350,92300.81578580305,0.6543871668850022,70524.62246866112,27690.244735740915,18460.16315716061,0.5,True,-0.006795312673411824,-7.699184214196952,84715.09901781018,-15.28490098218982
2025-03-27 20:26:42.009350,93075.3067254319,0.6652255911824764,69957.70153699683,27922.59201762957,18615.061345086382,0.5,True,0.00839094360147552,-6.924693274568094,86118.21056097849,-13.881789439021508
2025-03-28 20:26:42.009350,93184.95326621765,0.6666471145456963,69890.76471869298,27955.485979865294,18636.99065324353,0.5,True,0.0011780411437074534,-6.815046733782348,86302.23692727255,-13.697763072727454
2025-03-29 20:26:42.009350,91367.3037348357,0.6404939941955037,71325.65220193684,27410.19112045071,18273.460746967143,0.5,True,-0.019505826506014845,-8.632696265164297,82916.5284473252,-17.0834715526748
2025-03-30 20:26:42.009350,91454.98151239622,0.6415828720390152,71272.92942043718,27436.494453718864,18290.996302479245,0.5,True,0.000959618747369051,-8.545018487603784,83057.49147196775,-16.942508528032253
2025-03-31 20:26:42.009350,90896.62038377262,0.633608124866802,71729.36774041608,27268.986115131785,18179.324076754525,0.5,True,-0.006105311262327606,-9.10337961622738,82025.1034140663,-17.97489658593371
2025-04-01 20:26:42.009350,90079.42047074897,0.6220764299342075,72402.21308519598,27023.82614122469,18015.884094149795,0.5,True,-0.008990432312811714,-9.920579529251029,80532.24302881733,-19.46775697118267
2025-04-02 20:26:42.009350,90422.95246024274,0.6266848563615778,72143.87865156222,27126.885738072822,18084.59049204855,0.5,True,0.003813656745330851,-9.577047539757256,81128.83678992263,-18.87116321007737
2025-04-03 20:26:42.009350,91150.28724951895,0.6366292263903648,71588.20508943139,27345.08617485569,18230.057449903794,0.5,True,0.008043696533753586,-8.849712750481054,82416.20661361369,-17.583793386386315
2025-04-04 20:26:42.009350,91790.12355695895,0.6454274248376909,71588.20508943139,27345.08617485569,18240.046522479082,0.5033764970471184,False,0.007019575327156913,-8.209876443041054,83555.19632851217,-16.44480367148783
2025-04-05 20:26:42.009350,90807.87528726345,0.631567001678657,71890.92768138854,27242.36258617903,18161.575057452686,0.5,True,-0.010701023504843366,-9.192124712736549,81760.86541897486,-18.23913458102514
2025-04-06 20:26:42.009350,90315.14802656937,0.6245747590566315,72301.3111856961,27094.54440797081,18063.029605313874,0.5,True,-0.005426041068964382,-9.68485197343063,80855.66960209917,-19.144330397900834
2025-04-07 20:26:42.009350,90399.70308145027,0.6256073475835598,72249.55351837195,27119.91092443508,18079.940616290052,0.49999999999999994,True,0.0009362222919240271,-9.600296918549734,80989.3455721213,-19.010654427878706
2025-04-08 20:26:42.009350,91070.36381069596,0.634752786970969,72249.55351837195,27119.91092443508,18089.8474330661,0.5035733199498713,False,0.007418837743763618,-8.929636189304047,82173.2881102272,-17.826711889772806
2025-04-09 20:26:42.009350,90415.26719912437,0.6255484552573997,72249.55351837195,27119.91092443508,18099.759678234903,0.4998668697944421,False,-0.007193301796106888,-9.584732800875628,80981.72153929409,-19.01827846070592
2025-04-10 20:26:42.009350,90030.91654031194,0.6200914203533958,72249.55351837195,27119.91092443508,18109.677354770924,0.4976215947001479,False,-0.004250948658548581,-9.969083459688054,80275.26934152722,-19.72473065847278
2025-04-11 20:26:42.009350,88838.62303432245,0.6034516411668971,73608.73429935066,26651.586910296734,17767.72460686449,0.5,True,-0.01324315637124096,-11.16137696567755,78121.13091590854,-21.87886908409147
2025-04-12 20:26:42.009350,87577.64817261009,0.5861886001253915,74700.91379623927,26273.294451783026,17515.52963452202,0.5,True,-0.014193993768061741,-12.42235182738991,75886.30678550705,-24.113693214492947
2025-04-13 20:26:42.009350,88077.0798405297,0.5927458708807541,74295.8189735316,26423.12395215891,17615.41596810594,0.49999999999999994,True,0.0057027298442093866,-11.922920159470307,76735.19238326627,-23.26480761673373
2025-04-14 20:26:42.009350,89065.05754751894,0.6059138450384323,74295.8189735316,26423.12395215891,17625.06825082819,0.5054380088455449,False,0.011217194175579648,-10.934942452481057,78439.88081709019,-21.56011918290981
2025-04-15 20:26:42.009350,88777.70362408961,0.6019161571580492,74295.8189735316,26423.12395215891,17634.72582247248,0.5037284365769921,False,-0.003226337368906096,-11.222296375910389,77922.35152897617,-22.077648471023824
2025-04-16 20:26:42.009350,89457.05846873514,0.6109300154132458,74295.8189735316,26423.12395215891,17644.388685936847,0.5073892055874253,False,0.007652313778266917,-10.54294153126486,79089.25994843127,-20.910740051568734
2025-04-17 20:26:42.009350,89557.55397469393,0.6121525249572497,74295.8189735316,26423.12395215891,17654.05684412092,0.5078340258295284,False,0.0011233938123944576,-10.442446025306062,79247.52255245435,-20.752477447545647
2025-04-18 20:26:42.009350,88748.59783624866,0.60113400997807,74295.8189735316,26423.12395215891,17663.73029992592,0.5032388643093816,False,-0.009032807424305678,-11.251402163751333,77821.0969825066,-22.1789030174934
2025-04-19 20:26:42.009350,88844.95495348118,0.6023006753719151,74295.8189735316,26423.12395215891,17673.409056254644,0.5036686885428407,False,0.0010857311504830491,-11.155045046518818,77972.1301618868,-22.0278698381132
2025-04-20 20:26:42.009350,90007.80768159941,0.6178219884726187,74295.8189735316,26423.12395215891,17683.093116011496,0.5099734322582864,False,0.01308856230190103,-9.992192318400583,79981.47515328026,-20.018524846719743
2025-04-21 20:26:42.009350,89740.07940660449,0.614088028137856,74295.8189735316,26423.12395215891,17692.782482102462,0.5084035279891381,False,-0.0029745005671286684,-10.25992059339551,79498.08728216148,-20.501912717838522
2025-04-22 20:26:42.009350,90947.74565481718,0.6302123752334416,74295.8189735316,26423.12395215891,17702.47715743512,0.5148246854070665,False,0.013457378867928638,-9.05225434518282,81585.49933717221,-18.41450066282779
2025-04-23 20:26:42.009350,88327.93098863983,0.5948198768399903,74295.8189735316,26423.12395215891,17712.17714491865,0.5003245224576363,False,-0.02880571307529256,-11.672069011360175,77003.68728825741,-22.996312711742593
2025-04-24 20:26:42.009350,88826.67833500063,0.6014022397585531,74295.8189735316,26423.12395215891,17721.88244746381,0.5030208578425686,False,0.005646541708589803,-11.173321664999369,77855.8212460054,-22.14417875399459
2025-04-25 20:26:42.009350,88670.41865627843,0.5991683280588854,74295.8189735316,26423.12395215891,17731.59306798297,0.5020355413985017,False,-0.001759152561496058,-11.329581343721573,77566.62539924815,-22.433374600751854
2025-04-26 20:26:42.009350,88172.34610578009,0.5923336434303149,74295.8189735316,26423.12395215891,17741.309009390083,0.49911242116020066,False,-0.005617121899796906,-11.827653894219914,76681.82659150104,-23.318173408498954
2025-04-27 20:26:42.009350,88020.08786125823,0.5901534465905685,74295.8189735316,26423.12395215891,17751.030274600707,0.4981355358746157,False,-0.001726825373787766,-11.979912138741767,76399.58451753644,-23.600415482463568
2025-04-28 20:26:42.009350,86087.7110579453,0.5640133027429567,74295.8189735316,26423.12395215891,17760.756866531996,0.4867573980570709,False,-0.02195381588756018,-13.912288942054696,73015.55593865787,-26.984444061342128
2025-04-29 20:26:42.009350,85681.41325514542,0.5584136642960236,74295.8189735316,26423.12395215891,17770.4887881027,0.48421003971234505,False,-0.004719579575375166,-14.318586744854578,72290.64269233921,-27.709357307660788
2025-04-30 20:26:42.009350,85754.53052424805,0.5592667407658413,74295.8189735316,26423.12395215891,17780.226042233167,0.48453627202946326,False,0.0008533620808155451,-14.245469475751948,72401.07954267412,-27.59892045732587
2025-05-01 20:26:42.009350,86769.75241634077,0.5728001981847406,74295.8189735316,26423.12395215891,17789.96863184535,0.490455010498821,False,0.011838696869848064,-13.230247583659239,74153.08239864832,-25.84691760135168
2025-05-02 20:26:42.009350,86102.13030657903,0.5636829955327243,74295.8189735316,26423.12395215891,17799.716559862798,0.48639086681641985,False,-0.0076941801857211,-13.897869693420972,72972.79530789194,-27.027204692108064
2025-05-03 20:26:42.009350,85205.44106186781,0.5514825443285724,74295.8189735316,26423.12395215891,17809.46982921067,0.48087125387623747,False,-0.010414251558218401,-14.794558938132196,71393.35964025556,-28.60664035974444
2025-05-04 20:26:42.009350,84573.72574145385,0.5428484927374925,74295.8189735316,26423.12395215891,17819.228442815718,0.47687828569565766,False,-0.007414025589695283,-15.426274258546158,70275.61990989842,-29.724380090101576
2025-05-05 20:26:42.009350,85092.02376383738,0.5496932125160593,74295.8189735316,26423.12395215891,17828.992403606302,0.47994988956213336,False,0.006128357451911093,-14.907976236162623,71161.71783958528,-28.838282160414717
2025-05-06 20:26:42.009350,85132.98485185538,0.5501130447158094,74295.8189735316,26423.12395215891,17838.761714512388,0.4800853541821202,False,0.0004813740020062074,-14.867015148144624,71216.06812053898,-28.78393187946101
2025-05-07 20:26:42.009350,84476.30225371025,0.5411427248336677,74295.8189735316,26423.12395215891,17848.536378465546,0.47592805142367584,False,-0.007713609469794269,-15.523697746289745,70054.7960548681,-29.945203945131905
2025-05-08 20:26:42.009350,84662.78487014455,0.543521090116428,74295.8189735316,26423.12395215891,17858.31639839895,0.47696688198390164,False,0.0022075139590536086,-15.337215129855453,70362.69245110804,-29.637307548891954
2025-05-09 20:26:42.009350,84512.44837542449,0.5413658965162936,74295.8189735316,26423.12395215891,17868.10177724739,0.47592068883563654,False,-0.0017757093030975613,-15.487551624575513,70083.68722533775,-29.916312774662245
2025-05-10 20:26:42.009350,85065.7695869343,0.5486816577303073,74295.8189735316,26423.12395215891,17877.89251794725,0.47921453382218515,False,0.006547215494832503,-14.934230413065697,71030.76483779456,-28.969235162205443
2025-05-11 20:26:42.009350,84267.30889423353,0.5378027575531925,74295.8189735316,26423.12395215891,17887.688623436537,0.4741636684848772,False,-0.009386392394707843,-15.732691105766472,69622.41340251785,-30.377586597482154
2025-05-12 20:26:42.009350,83777.81261158947,0.5310823557491521,74295.8189735316,26423.12395215891,17897.49009665486,0.470974322828254,False,-0.005808851487810518,-16.222187388410525,68752.40932377221,-31.247590676227787
2025-05-13 20:26:42.009350,83242.9521318868,0.5237512928291068,74295.8189735316,26423.12395215891,17907.296940543438,0.46745736717185377,False,-0.006384273628417425,-16.757047868113194,67803.35079602976,-32.19664920397024
2025-05-14 20:26:42.009350,81900.66355038687,0.5055524114158297,81001.1600192146,24570.199065116063,16380.132710077376,0.5,True,-0.016124951688081257,-18.099336449613123,65447.37543624695,-34.55262456375306
2025-05-15 20:26:42.009350,81901.04456652416,0.505446309243413,81018.54051434196,24570.313369957246,16380.208913304832,0.5,True,4.6521739966998155e-06,-18.098955433475837,65433.639751170675,-34.566360248829334
2025-05-16 20:26:42.009350,81871.1750567619,0.5049668514988715,81065.89057652713,24561.35251702857,16374.23501135238,0.5,True,-0.00036470242742747683,-18.128824943238097,65371.57051699386,-34.62842948300614
2025-05-17 20:26:42.009350,81630.94891530651,0.501892829573608,81323.08742551426,24489.284674591952,16326.189783061302,0.5,True,-0.0029341968194402934,-18.36905108469349,64973.616392952514,-35.026383607047485
2025-05-18 20:26:42.009350,81195.84849000964,0.49643255627644683,81779.33483958933,24358.75454700289,16239.169698001928,0.5,True,-0.005330091479743726,-18.804151509990362,64266.744962030025,-35.73325503796998
2025-05-19 20:26:42.009350,79824.32018393127,0.47955266254824425,83227.89801620664,23947.29605517938,15964.864036786254,0.5,True,-0.016891606302348317,-20.175679816068737,62081.521991656446,-37.918478008343556
2025-05-20 20:26:42.009350,79249.10958928954,0.47253628367450295,83855.05232850932,23774.73287678686,15849.82191785791,0.5,True,-0.00720595669736146,-20.750890410710465,61173.201564370436,-38.82679843562956
2025-05-21 20:26:42.009350,78737.37223213255,0.4663300721626934,84422.36189805772,23621.211669639764,15747.47444642651,0.5,True,-0.006457326269141528,-21.26262776786745,60369.76309651183,-39.63023690348817
2025-05-22 20:26:42.009350,77871.90986506347,0.45597628555286257,85390.30683431843,23361.57295951904,15574.381973012694,0.5,True,-0.010991760869508482,-22.128090134936528,59029.3913682025,-40.970608631797504
2025-05-23 20:26:42.009350,77505.57885270126,0.45158626829926535,85814.80914443845,23251.673655810377,15501.115770540253,0.5,True,-0.004704276715403299,-22.494421147298738,58461.07223673375,-41.53892776326625
2025-05-24 20:26:42.009350,77575.75790231425,0.4523050869759242,85756.0086500238,23272.727370694272,15515.15158046285,0.5,True,0.0009054709435349917,-22.424242097685752,58554.12845551456,-41.445871544485435
2025-05-25 20:26:42.009350,78813.14961919213,0.466635164638147,84448.36093772306,23643.94488575764,15762.629923838427,0.5,True,0.01595075253323408,-21.186850380807865,60409.2594995215,-39.5907405004785
2025-05-26 20:26:42.009350,78700.43125261425,0.46519812758114715,84588.07826874376,23610.129375784272,15740.08625052285,0.5,True,-0.0014301974622574765,-21.299568747385756,60223.22477461161,-39.776775225388384
2025-05-27 20:26:42.009350,78651.316436738,0.4645155311461317,84588.07826874376,23610.129375784272,15748.710955317658,0.49957811115902145,False,-0.0006240730208784129,-21.348683563262007,60134.85778407786,-39.86514221592215
2025-05-28 20:26:42.009350,78340.91864075541,0.46074399225823476,85015.67026059821,23502.275592226622,15668.183728151082,0.5,True,-0.003946504776334514,-21.659081359244592,59646.60510048901,-40.35339489951099
2025-05-29 20:26:42.009350,76622.77306075596,0.4404332556509844,86985.68066517061,22986.831918226788,15324.554612151194,0.5,True,-0.021931649638655237,-23.377226939244032,57017.23498157552,-42.98276501842447
2025-05-30 20:26:42.009350,76353.13139805359,0.43723688267554667,87313.23273877575,22905.939419416078,15270.626279610718,0.5,True,-0.003519079927955193,-23.6468686019464,56603.44163901805,-43.39655836098195
2025-05-31 20:26:42.009350,76148.50351156776,0.4347974431283059,87567.79129574691,22844.551053470328,15229.700702313552,0.5,True,-0.0026800195714179464,-23.851496488432243,56287.63874242979,-43.71236125757021
2025-06-01 20:26:42.009350,77806.65866498029,0.4536378191103817,87567.79129574691,22844.551053470328,15238.045743794271,0.5105483585763457,False,0.021775282204471003,-22.19334133501971,58726.66016219857,-41.27333983780144
2025-06-02 20:26:42.009350,77390.63888743972,0.4487916378219498,87567.79129574691,22844.551053470328,15246.39535790046,0.5078093816130411,False,-0.005346840292061228,-22.60936111256028,58099.28733387427,-41.90071266612573
2025-06-03 20:26:42.009350,77363.24338405431,0.4483833862023345,87567.79129574691,22844.551053470328,15254.749547137664,0.5075271028714288,False,-0.0003539898853304191,-22.636756615945686,58046.43624184489,-41.95356375815511
2025-06-04 20:26:42.009350,77071.06278708072,0.44495130964311547,87567.79129574691,22844.551053470328,15263.108314012808,0.5055516559728687,False,-0.0037767366541642255,-22.928937212919276,57602.12938458336,-42.39787061541664
2025-06-05 20:26:42.009350,75912.29681475731,0.4316230150490107,87938.19394238916,22773.689044427192,15182.459362951464,0.5,True,-0.015035032999670128,-24.08770318524269,55876.686323630805,-44.12331367636919
2025-06-06 20:26:42.009350,76523.84495373479,0.43848270770493847,87938.19394238916,22773.689044427192,15190.77851876678,0.503887087924728,False,0.008055982556683716,-23.476155046265212,56764.72259938006,-43.23527740061994
2025-06-07 20:26:42.009350,76837.97145846474,0.44196018178944646,87938.19394238916,22773.689044427192,15199.102233023637,0.5058069525172556,False,0.004104949312464301,-23.16202854153525,57214.90649097941,-42.78509350902059
2025-06-08 20:26:42.009350,77183.15997925232,0.44579082954884997,87938.19394238916,22773.689044427192,15207.430508219815,0.5079092438965087,False,0.00449242105479275,-22.816840020747676,57710.81124073935,-42.289188759260654
2025-06-09 20:26:42.009350,76207.13822251718,0.43459712006677154,87938.19394238916,22773.689044427192,15215.763346854455,0.501497454472621,False,-0.01264552730151891,-23.79286177748282,56261.70548937684,-43.738294510623156
2025-06-10 20:26:42.009350,77017.18267367719,0.4437138304589773,87938.19394238916,22773.689044427192,15224.100751428074,0.5066323062367473,False,0.010629508862998627,-22.982817326322813,57441.92885358002,-42.55807114641998
2025-06-11 20:26:42.009350,75668.92311444016,0.4282870691004228,87938.19394238916,22773.689044427192,15232.442724442555,0.49773129833775964,False,-0.01750595792304721,-24.331076885559845,55444.82426145447,-44.55517573854553
2025-06-12 20:26:42.009350,75840.8399725953,0.43014712906826463,87938.19394238916,22773.689044427192,15240.789268401153,0.49875979318577324,False,0.0022719612104846743,-24.159160027404692,55685.62232768928,-44.31437767231073
2025-06-13 20:26:42.009350,77249.48972516878,0.44607079741291483,87938.19394238916,22773.689044427192,15249.140385808496,0.507791837000997,False,0.01857376254116483,-22.750510274831214,57747.05508311016,-42.252944916889845
2025-06-14 20:26:42.009350,76200.46888664633,0.4340467099887717,87938.19394238916,22773.689044427192,15257.496079170583,0.5009061534756184,False,-0.013579647480579715,-23.799531113353677,56190.45096817326,-43.80954903182675
2025-06-15 20:26:42.009350,75494.29215041721,0.4259212644227481,87938.19394238916,22773.689044427192,15265.856350994787,0.496126868510393,False,-0.009267354211161094,-24.50570784958279,55138.55392537798,-44.86144607462202
2025-06-16 20:26:42.009350,75292.13950576492,0.4235273387800942,87938.19394238916,22773.689044427192,15274.221203789853,0.4946629157044499,False,-0.0026777209096751076,-24.707860494235078,54828.64312926004,-45.17135687073996
2025-06-17 20:26:42.009350,74644.97710775617,0.4160728778127214,87938.19394238916,22773.689044427192,15282.590640065902,0.4901695846251555,False,-0.008595351417251096,-25.355022892243827,53863.6098417317,-46.136390158268306
2025-06-18 20:26:42.009350,73262.27219497503,0.4002540524231414,87938.19394238916,22773.689044427192,15290.964662334432,0.4804330719437824,False,-0.018523750242231296,-26.737727805024967,51815.7497566955,-48.184250243304504
2025-06-19 20:26:42.009350,73044.81407405368,0.39768592222202326,87938.19394238916,22773.689044427192,15299.343273108314,0.4787715897402844,False,-0.0029682142582558857,-26.955185925946324,51483.28693455005,-48.51671306544995
2025-06-20 20:26:42.009350,72049.64960285822,0.38627395629460837,93262.3704352287,21614.894880857464,14409.929920571645,0.5,True,-0.013624026343424633,-27.950350397141776,50005.926325339446,-49.994073674660555
2025-06-21 20:26:42.009350,72113.0590537644,0.3868691974260084,93200.82799762905,21633.91771612932,14422.611810752882,0.5,True,0.0008800799345409782,-27.886940946235594,50082.984547043365,-49.91701545295663
2025-06-22 20:26:42.009350,71182.08794550353,0.3767955325302743,94457.1814154727,21354.62638365106,14236.417589100707,0.5,True,-0.012909882349697255,-28.817912054496464,48778.876578091826,-51.221123421908175
2025-06-23 20:26:42.009350,72015.73932056977,0.38553865386768277,93396.26338126611,21604.721796170932,14403.147864113955,0.5,True,0.01171153304331951,-27.98426067943023,49910.73616719261,-50.08926383280738
2025-06-24 20:26:42.009350,71177.09685133037,0.37647475158286003,94531.03634715418,21353.12905539911,14235.419370266074,0.5,True,-0.011645266398033982,-28.82290314866963,48737.34919018081,-51.2626508098192
2025-06-25 20:26:42.009350,70667.91447062032,0.37100583226832495,95238.27973074923,21200.374341186096,14133.582894124065,0.5,True,-0.007153739099159728,-29.332085529379682,48029.358470471794,-51.97064152952821
2025-06-26 20:26:42.009350,70959.84574677984,0.3739897883832387,94868.69421427241,21287.953724033952,14191.96914935597,0.5,True,0.004131030020432913,-29.04015425322015,48415.65293120064,-51.58434706879936
2025-06-27 20:26:42.009350,69817.75647936616,0.3618691863407116,96468.22541783162,20945.326943809847,13963.551295873232,0.5,True,-0.01609486682777228,-30.182243520633843,46846.55430862848,-53.15344569137152
2025-06-28 20:26:42.009350,69691.29577388322,0.36047896727234885,96664.85717768673,20907.388732164964,13938.259154776644,0.5,True,-0.0018112971808298406,-30.308704226116777,46666.58050719619,-53.33341949280381
2025-06-29 20:26:42.009350,70320.24685705088,0.3669064704935969,95828.57282736048,21096.074057115264,14064.049371410176,0.5,True,0.009024815454835577,-29.679753142949117,47498.66676954952,-52.50133323045048
2025-06-30 20:26:42.009350,68925.95285981358,0.35227617512036036,97829.42720475492,20677.785857944073,13785.190571962718,0.5,True,-0.01982777449674855,-31.074047140186423,45604.670395654626,-54.39532960434536
2025-07-01 20:26:42.009350,68764.27029787283,0.3505462652572773,98081.59023945741,20629.281089361848,13752.854059574567,0.5,True,-0.002345742862192801,-31.23572970212717,45380.721191331795,-54.619278808668206
2025-07-02 20:26:42.009350,68651.93069377758,0.3493240642892242,98263.95847286512,20595.579208133273,13730.386138755517,0.5,True,-0.0016336915029945276,-31.348069306222413,45222.49853467252,-54.777501465327475
2025-07-03 20:26:42.009350,68896.08423618929,0.3517321704436586,97938.27523551082,20668.825270856785,13779.216847237858,0.5,True,0.003556397321158311,-31.10391576381072,45534.245099461376,-54.46575490053862
2025-07-04 20:26:42.009350,67765.97451037326,0.340116078789124,99621.83315712775,20329.792353111978,13553.194902074652,0.5,True,-0.016403105319335642,-32.23402548962674,44030.45895494062,-55.96954104505938
2025-07-05 20:26:42.009350,66597.14687296409,0.32830888745066067,101424.52644230127,19979.144061889227,13319.429374592819,0.5,True,-0.017248001609277308,-33.40285312703591,42501.9335895648,-57.4980664104352
2025-07-06 20:26:42.009350,66652.28145367616,0.32878053139048957,101362.87749732034,19995.684436102845,13330.456290735232,0.5,True,0.0008278820234932649,-33.34771854632385,42562.99127083618,-57.43700872916382
2025-07-07 20:26:42.009350,66554.92716000394,0.32774801676711224,101533.68404254272,19966.47814800118,13310.985432000787,0.5,True,-0.0014606295770968059,-33.44507283999606,42429.324868157295,-57.570675131842705
2025-07-08 20:26:42.009350,66424.12348835896,0.3263879029921134,101756.41143471544,19927.23704650769,13284.824697671793,0.5,True,-0.0019653491818946156,-33.575876511641034,42253.248412268054,-57.74675158773195
2025-07-09 20:26:42.009350,66354.29963704673,0.3256301796582828,101885.9795284932,19906.28989111402,13270.859927409347,0.5,True,-0.0010511821254889364,-33.64570036295327,42155.15570736505,-57.844844292634946
2025-07-10 20:26:42.009350,65609.14682743882,0.3182452134719656,103079.55006088153,19682.744048231645,13121.829365487763,0.5,True,-0.011229909948320516,-34.39085317256119,41199.11901628033,-58.80088098371967
2025-07-11 20:26:42.009350,65459.820121106815,0.3167268060892452,103337.98539088917,19637.946036332043,13091.964024221363,0.5,True,-0.0022760043919600736,-34.540179878893184,41002.55032073447,-58.997449679265536
2025-07-12 20:26:42.009350,65347.553107266125,0.31557098045256116,103538.59694822229,19604.26593217984,13069.510621453226,0.5,True,-0.001715052281429874,-34.65244689273388,40852.92042544617,-59.14707957455383
2025-07-13 20:26:42.009350,64583.2003148962,0.3081195160635012,104802.19029940655,19374.96009446886,12916.640062979242,0.5000000000000001,True,-0.011696731645257752,-35.4167996851038,39888.27506641236,-60.11172493358764
2025-07-14 20:26:42.009350,65494.384218945735,0.31674630421051597,103386.18532927988,19648.31526568372,13098.876843789149,0.5,True,0.01410868305699875,-34.50561578105427,41005.07449198614,-58.994925508013864
2025-07-15 20:26:42.009350,65491.06852002757,0.3166448093575192,103414.08825382405,19647.32055600827,13098.213704005515,0.5,True,-5.062569803060413e-05,-34.508931479972425,40991.93525736095,-59.00806474263904
2025-07-16 20:26:42.009350,64412.470630192984,0.3061455146137599,105199.10884772755,19323.741189057895,12882.494126038597,0.5,True,-0.016469389096999465,-35.587529369807015,39632.72646042094,-60.36727353957906
2025-07-17 20:26:42.009350,64520.75552738656,0.3071077470643133,105045.79605065264,19356.226658215965,12904.151105477311,0.49999999999999994,True,0.0016811169659252112,-35.479244472613445,39757.29433316027,-60.24270566683973
2025-07-18 20:26:42.009350,63587.30649253852,0.2981543206737555,106634.89019519628,19076.191947761556,12717.461298507704,0.5,True,-0.0144674225715139,-36.41269350746148,38598.20925079944,-61.40179074920056
2025-07-19 20:26:42.009350,63771.058987638375,0.299812164769922,106351.6869580271,19131.317696291513,12754.211797527676,0.5,True,0.0028897669241803037,-36.228941012361624,38812.82902617091,-61.18717097382908
2025-07-20 20:26:42.009350,64191.07057265284,0.3036957230624514,105683.19817835023,19257.32117179585,12838.214114530569,0.5,True,0.006586241340227339,-35.80892942734716,39315.5834228672,-60.684416577132794
2025-07-21 20:26:42.009350,63348.66061701642,0.29565807272494105,107131.62680315421,19004.598185104926,12669.732123403286,0.5,True,-0.01312347571276229,-36.65133938298357,38275.05210032618,-61.72494789967382
2025-07-22 20:26:42.009350,63633.93803849481,0.2982561393352621,106676.66083977155,19090.18141154844,12726.787607698963,0.5,True,0.004503290498959034,-36.36606196150519,38611.39040475215,-61.38860959524786
2025-07-23 20:26:42.009350,63565.44544861156,0.297548710254337,106676.66083977155,19090.18141154844,12733.761189949757,0.4993515364062738,False,-0.0010763531535926685,-36.434554551388445,38519.808650598985,-61.48019134940101
2025-07-24 20:26:42.009350,63753.75954263794,0.2992485824588766,106676.66083977155,19090.18141154844,12740.73859334151,0.5007208949991142,False,0.0029625229981062873,-36.246240457362056,38739.86926519001,-61.260130734809984
2025-07-25 20:26:42.009350,64636.84611860273,0.3074613006152333,106676.66083977155,19090.18141154844,12747.719819967999,0.507434178129657,False,0.01385152157770686,-35.36315388139727,39803.06436898915,-60.19693563101085
2025-07-26 20:26:42.009350,64126.830843752046,0.3026148766389208,106676.66083977155,19090.18141154844,12754.704871924145,0.5034077645117984,False,-0.00789047277948629,-35.873169156247954,39175.660122982976,-60.82433987701703
2025-07-27 20:26:42.009350,63299.73543283079,0.2947960690034257,106676.66083977155,19090.18141154844,12761.69375130602,0.4968087157859701,False,-0.012897805802013051,-36.70026456716921,38163.4595534101,-61.83654044658991
2025-07-28 20:26:42.009350,62407.30705400172,0.286364786278099,106676.66083977155,19090.18141154844,12768.686460210845,0.48950099955135923,False,-0.014098453535813738,-37.59269294599827,37071.96970295477,-62.92803029704523
2025-07-29 20:26:42.009350,61580.59332636863,0.2785494847716949,110537.97743844581,18474.17799791059,12316.118665273727,0.5,True,-0.01324706619559346,-38.41940667363137,36060.223026869025,-63.93977697313098
2025-07-30 20:26:42.009350,61188.83846526369,0.27494435802238737,111274.94833023884,18356.651539579107,12237.767693052738,0.5,True,-0.006361661035461208,-38.811161534736314,35593.513584822445,-64.40648641517755
2025-07-31 20:26:42.009350,61049.18439366211,0.27362906019541916,111554.64326424664,18314.755318098632,12209.836878732422,0.5,True,-0.0022823455241900437,-38.9508156063379,35423.23887393542,-64.57676112606458
2025-08-01 20:26:42.009350,60866.566201226145,0.27193205764605033,111915.02526055738,18259.96986036784,12173.313240245228,0.49999999999999994,True,-0.0029913289464833515,-39.13343379877385,35203.549756730405,-64.79645024326959
2025-08-02 20:26:42.009350,61015.046482875245,0.27319917948866407,111667.69716709007,18304.513944862574,12203.00929657505,0.5,True,0.002439439102876584,-38.98495351712475,35367.58774188166,-64.63241225811834
2025-08-03 20:26:42.009350,60664.52498012857,0.270000330651935,112341.57534853708,18199.35749403857,12132.904996025714,0.5,True,-0.005744837100878919,-39.33547501987144,34953.47388137233,-65.04652611862767
2025-08-04 20:26:42.009350,61187.71329553512,0.274598273547812,112341.57534853708,18199.35749403857,12139.553163146824,0.5041666206637071,False,0.00862428768012169,-38.81228670446488,35548.71047434621,-64.45128952565379
2025-08-05 20:26:42.009350,60655.32457502294,0.2698000452089961,112341.57534853708,18199.35749403857,12146.204973099233,0.4997048869204519,False,-0.008700908921710382,-39.34467542497706,34927.54549831561,-65.07245450168439
2025-08-06 20:26:42.009350,61959.394893698496,0.2813488850741178,112341.57534853708,18199.35749403857,12152.860427879014,0.5101272700614362,False,0.021499684121920604,-38.040605106301506,36422.62541770308,-63.57737458229692
2025-08-07 20:26:42.009350,61961.8310925241,0.2813112952257861,112341.57534853708,18199.35749403857,12159.51952948333,0.5100390597206738,False,3.931928047040678e-05,-38.0381689074759,36417.75914298891,-63.582240857011094
2025-08-08 20:26:42.009350,61035.95418588721,0.27301036429998393,112341.57534853708,18199.35749403857,12166.182279910445,0.502497500383632,False,-0.014942697630325519,-38.964045814112794,35343.14426527553,-64.65685573472447
2025-08-09 20:26:42.009350,60392.71093069071,0.2672252428573707,112341.57534853708,18199.35749403857,12172.84868115971,0.49708821301208456,False,-0.010538759715912449,-39.607289069309296,34594.21891856689,-65.4057810814331
2025-08-10 20:26:42.009350,60801.49589083838,0.2708046381509497,112341.57534853708,18199.35749403857,12179.518735231579,0.5003597233230629,False,0.006768779772393652,-39.198504109161625,35057.5972396346,-64.9424027603654
2025-08-11 20:26:42.009350,60783.04285339886,0.27058097432695943,112341.57534853708,18199.35749403857,12186.192444127597,0.5000982426718528,False,-0.0003034964381903871,-39.21695714660114,35028.64235794547,-64.97135764205453
2025-08-12 20:26:42.009350,61339.0369541407,0.2754706755200822,112341.57534853708,18199.35749403857,12192.869809850406,0.5045206313458864,False,0.009147190970396624,-38.6609630458593,35661.64914919218,-64.33835085080783
2025-08-13 20:26:42.009350,61753.2047933715,0.27909788845005257,112341.57534853708,18199.35749403857,12199.55083440375,0.5077355348575319,False,0.006752108604842544,-38.246795206628505,36131.217805288885,-63.868782194711116
2025-08-14 20:26:42.009350,61827.2803896292,0.27969776352443987,112341.57534853708,18199.35749403857,12206.235519792464,0.5082172008502057,False,0.0011995425420521233,-38.1727196103708,36208.87592405509,-63.79112407594491
2025-08-15 20:26:42.009350,61417.42544974484,0.27598993508406,112341.57534853708,18199.35749403857,12212.923868022488,0.5048265025868582,False,-0.0066290307013586736,-38.58257455025515,35728.871013562966,-64.27112898643703
2025-08-16 20:26:42.009350,60606.656748839894,0.2687133706292073,112341.57534853708,18199.35749403857,12219.615881100857,0.49809187625711265,False,-0.01320095551006717,-39.393343251160104,34786.86770192001,-65.21313229807998
2025-08-17 20:26:42.009350,60451.82218862015,0.26727552146558786,112341.57534853708,18199.35749403857,12226.311561035707,0.49669558412745746,False,-0.002554745114243695,-39.548177811379844,34600.72784399993,-65.39927215600008
2025-08-18 20:26:42.009350,61085.938972628224,0.2728604301092575,112341.57534853708,18199.35749403857,12233.010909836275,0.5018105816870365,False,0.010489622331474546,-38.91406102737177,35323.7342119366,-64.6762657880634
2025-08-19 20:26:42.009350,61333.34520106287,0.27500303143927474,112341.57534853708,18199.35749403857,12239.713929512898,0.5037108880370675,False,0.004050133837600445,-38.66665479893713,35601.109278278636,-64.39889072172136
2025-08-20 20:26:42.009350,60686.31838030153,0.26918387222509016,112341.57534853708,18199.35749403857,12246.420622077016,0.49830902699811613,False,-0.01054934829724774,-39.31368161969847,34847.77749859739,-65.15222250140262
2025-08-21 20:26:42.009350,60904.80226904212,0.27106895813936027,112341.57534853708,18199.35749403857,12253.130989541167,0.4999985658099949,False,0.0036002165656421337,-39.09519773095788,35091.81535258626,-64.90818464741375
2025-08-22 20:26:42.009350,61254.7758334048,0.2741244566840432,112341.57534853708,18199.35749403857,12259.845033918999,0.5027456698103385,False,0.005746239234415418,-38.74522416659521,35487.37149252975,-64.51262850747025
2025-08-23 20:26:42.009350,60827.68906088853,0.2702629789143337,112341.57534853708,18199.35749403857,12266.562757225256,0.49914388132076776,False,-0.006972301615760013,-39.17231093911147,34987.47557743535,-65.01252442256465
2025-08-24 20:26:42.009350,61034.017320850486,0.2720397641792024,112341.57534853708,18199.35749403857,12273.28416147579,0.5007269225729915,False,0.00339201214360485,-38.96598267914951,35217.493137778474,-64.78250686222154
2025-08-25 20:26:42.009350,61182.5813933369,0.273302333133168,112341.57534853708,18199.35749403857,12280.009248687558,0.5018293434404603,False,0.0024341191848051835,-38.817418606663104,35380.94171893135,-64.61905828106865
2025-08-26 20:26:42.009350,60599.252631883275,0.2680499808155683,112341.57534853708,18199.35749403857,12286.73802087862,0.49692291256282844,False,-0.00953422932098047,-39.400747368116726,34700.98714589176,-65.29901285410824
2025-08-27 20:26:42.009350,60926.824220652175,0.27090590595800984,112341.57534853708,18199.35749403857,12293.470480068143,0.4995171935488695,False,0.005405538427326384,-39.07317577934782,35070.70708153943,-64.92929291846056
2025-08-28 20:26:42.009350,61382.58376681975,0.27490285362913014,112341.57534853708,18199.35749403857,12300.206628276399,0.5031234879558548,False,0.00748044152961258,-38.61741623318024,35588.140544270325,-64.41185945572967
2025-08-29 20:26:42.009350,62173.65892562413,0.2818845549015453,112341.57534853708,18199.35749403857,12306.94646752477,0.5093371616096004,False,0.012887615839201505,-37.82634107437587,36491.97170804582,-63.508028291954176
2025-08-30 20:26:42.009350,62965.28969161187,0.2888711689955855,112341.57534853708,18199.35749403857,12313.689999835742,0.5153989183037269,False,0.012732574850303324,-37.03471030838813,37396.43887171784,-62.60356112828216
2025-08-31 20:26:42.009350,62197.455951185075,0.28197629534421603,112341.57534853708,18199.35749403857,12320.437227232913,0.5093079892974308,False,-0.012194555828893172,-37.80254404881492,36503.848164489464,-63.49615183551054
2025-09-01 20:26:42.009350,61720.96888772015,0.2776747890988766,112341.57534853708,18199.35749403857,12327.188151740986,0.5054104594289179,False,-0.007660877059648463,-38.279031112279846,35946.98741608225,-64.05301258391776
2025-09-02 20:26:42.009350,62157.18643657683,0.2814976207075619,112341.57534853708,18199.35749403857,12333.942775385774,0.508772806172951,False,0.007067574549100675,-37.84281356342317,36441.88030922956,-63.55811969077044
2025-09-03 20:26:42.009350,62598.155760053094,0.2853627169314729,112341.57534853708,18199.35749403857,12340.701100194205,0.5121252659375972,False,0.007094422202108763,-37.401844239946904,36942.24465910002,-63.05775534089998
2025-09-04 20:26:42.009350,63045.54484070011,0.2892849251725436,112341.57534853708,18199.35749403857,12347.463128194311,0.51548010728725,False,0.00714700098133747,-36.95445515929989,37450.002568064585,-62.54999743193541
2025-09-05 20:26:42.009350,65772.89118147915,0.3135019668075535,104900.28475938484,19731.867354443744,13154.57823629583,0.5,True,0.04325993767950376,-34.22710881852085,40585.07181123759,-59.41492818876242
2025-09-06 20:26:42.009350,66268.62248479672,0.31815899244254997,104143.87783925809,19880.586745439017,13253.724496959345,0.5,True,0.007537015545656445,-33.73137751520328,41187.95708735814,-58.81204291264186
2025-09-07 20:26:42.009350,67149.62842200501,0.32654876667166044,102817.15210016839,20144.888526601502,13429.925684401003,0.5,True,0.013294465829743363,-32.850371577994984,42274.07336610397,-57.72592663389603
2025-09-08 20:26:42.009350,67917.06286519376,0.3339412645601405,101690.1324768182,20375.118859558126,13583.412573038753,0.5,True,0.011428722112440726,-32.082937134806244,43231.08508990141,-56.76891491009859
2025-09-09 20:26:42.009350,68483.3499833456,0.33943682385136065,100877.90300167087,20545.00499500368,13696.669996669121,0.5,True,0.008337921197738574,-31.516650016654403,43942.52454512499,-56.057475454875004
2025-09-10 20:26:42.009350,68387.5564305668,0.33841282776935644,101041.61370203139,20516.266929170037,13677.51128611336,0.5,True,-0.0013987860232027582,-31.612443569433204,43809.960928552595,-56.19003907144741
2025-09-11 20:26:42.009350,69031.87632905155,0.3447154326904399,100128.78708427786,20709.562898715463,13806.375265810311,0.5,True,0.009421595566715846,-30.968123670948454,44625.87821266027,-55.37412178733974
2025-09-12 20:26:42.009350,68621.1146870478,0.34053754547820797,100754.11008011606,20586.33440611434,13724.22293740956,0.5,True,-0.005950318372425434,-31.3788853129522,44085.02083222867,-55.91497916777133
2025-09-13 20:26:42.009350,68577.74416685049,0.34003244804531585,100840.00006627484,20573.323250055146,13715.5488333701,0.5,True,-0.0006320287916495859,-31.422255833149503,44019.63235701639,-55.98036764298362
2025-09-14 20:26:42.009350,68364.27053718001,0.33784096650278317,101178.18339922494,20509.281161154002,13672.854107436004,0.5,True,-0.003112870396423273,-31.635729462819985,43735.92939756642,-56.26407060243358
2025-09-15 20:26:42.009350,68538.58410900265,0.3394897567000831,100943.52297284774,20561.575232700794,13707.716821800532,0.5,True,0.0025497759348991345,-31.461415890997348,43949.37708097492,-56.05062291902508
2025-09-16 20:26:42.009350,70285.60712195841,0.35672228320614807,98515.86294279898,21085.682136587522,14057.121424391684,0.5,True,0.02548962800540666,-29.714392878041586,46180.25088651958,-53.81974911348042
2025-09-17 20:26:42.009350,69113.95227501041,0.3447510397535063,100237.48198761957,20734.18568250312,13822.790455002083,0.5,True,-0.01666991145022012,-30.886047724989595,44630.48780164068,-55.36951219835933
2025-09-18 20:26:42.009350,69711.38804925025,0.35063568121483646,99407.15076076027,20913.416414775074,13942.27760985005,0.5,True,0.008644213716249238,-30.288611950749743,45392.29672655272,-54.607703273447285
2025-09-19 20:26:42.009350,68720.54407743092,0.3405912974019241,100884.17496518615,20616.163223229276,13744.108815486186,0.5,True,-0.01421351660820902,-31.279455922569078,44091.97940319467,-55.90802059680533
2025-09-20 20:26:42.009350,68513.68631724268,0.33846619920102927,100884.17496518615,20616.163223229276,13751.63983401522,0.4983804710476477,False,-0.0030101298376677965,-31.486313682757316,43816.87024210226,-56.183129757897746
2025-09-21 20:26:42.009350,69383.82866422617,0.34701667009665416,99971.89565115239,20815.14859926785,13876.765732845233,0.5,True,0.01270027046792399,-30.616171335773835,44923.78985365243,-55.07621014634757
2025-09-22 20:26:42.009350,69545.98675976401,0.3485626484666781,99761.10043014615,20863.796027929202,13909.197351952804,0.5,True,0.0023371165682219974,-30.454013240235987,45123.92781069613,-54.87607218930387
2025-09-23 20:26:42.009350,68919.4551135048,0.3422059310535184,99761.10043014615,20863.796027929202,13916.818829953874,0.4953440244035272,False,-0.009008882833505205,-31.08054488649521,44301.0052774694,-55.69899472253061
2025-09-24 20:26:42.009350,68547.99482891033,0.33840599363188484,99761.10043014615,20863.796027929202,13924.444484107273,0.49249805776427436,False,-0.005389773961252287,-31.45200517108967,43809.07620057823,-56.19092379942177
2025-09-25 20:26:42.009350,69124.89651505931,0.34411234461538825,99761.10043014615,20863.796027929202,13932.074316701304,0.49662318355803986,False,0.008416025699787166,-30.87510348494069,44547.80414797825,-55.452195852021745
2025-09-26 20:26:42.009350,68740.44226777229,0.3401820726063522,99761.10043014615,20863.796027929202,13939.708330025524,0.4936968222814052,False,-0.0055617334226788495,-31.259557732227705,44039.002326577414,-55.96099767342258
2025-09-27 20:26:42.009350,69001.49900748486,0.34272232669611935,99761.10043014615,20863.796027929202,13947.346526370742,0.49550164771748156,False,0.0037977169058012183,-30.998500992515144,44367.8563867348,-55.63214361326521
2025-09-28 20:26:42.009350,69146.59599654438,0.34410016441852376,99761.10043014615,20863.796027929202,13954.988908029027,0.4964497610598459,False,0.0021028092309092195,-30.85340400345562,44546.22733437974,-55.453772665620264
2025-09-29 20:26:42.009350,68814.68669507396,0.3406964743101448,99761.10043014615,20863.796027929202,13962.635477293701,0.4939099024087264,False,-0.004800081575772719,-31.185313304926034,44105.59530620316,-55.89440469379684
2025-09-30 20:26:42.009350,70420.91055903847,0.35672048665469785,99761.10043014615,20863.796027929202,13970.286236459342,0.5053446201155714,False,0.023341294440268,-29.579089440961525,46180.01831008517,-53.81998168991483
2025-10-01 20:26:42.009350,70993.51614858076,0.36238352200358553,99761.10043014615,20863.796027929202,13977.941187821785,0.5092264884749266,False,0.008131186958485026,-29.00648385141924,46913.13873878497,-53.08686126121502
2025-10-02 20:26:42.009350,69672.67518846632,0.3490667071304276,99761.10043014615,20863.796027929202,13985.600333678125,0.499812569743607,False,-0.018605092855945915,-30.327324811533675,45189.18180981348,-54.81081819018652
2025-10-03 20:26:42.009350,69917.33104308683,0.3514423075493289,99761.10043014615,20863.796027929202,13993.263676326716,0.5014532279160496,False,0.003511503669964,-30.08266895691317,45496.7202746522,-54.503279725347795
2025-10-04 20:26:42.009350,69569.49344017619,0.3478787427618693,99761.10043014615,20863.796027929202,14000.93121806717,0.4988503506069503,False,-0.0049749839949738695,-30.43050655982381,45035.39132582354,-54.96460867417645
2025-10-05 20:26:42.009350,70281.20697003337,0.35493602043511385,99761.10043014615,20863.796027929202,14008.602961200357,0.5038161623490826,False,0.010230253156424007,-29.718793029966626,45949.00639521893,-54.05099360478107
2025-10-06 20:26:42.009350,69837.67527901148,0.35041313891211107,99761.10043014615,20863.796027929202,14016.278908028411,0.5005550400037411,False,-0.006310814941055232,-30.162324720988522,45363.487033812606,-54.63651296618739
2025-10-07 20:26:42.009350,69870.59920007133,0.3506661811111715,99761.10043014615,20863.796027929202,14023.959060854728,0.500680465199899,False,0.00047143495152601744,-30.129400799928675,45396.24515627262,-54.60375484372738
2025-10-08 20:26:42.009350,70339.83123329877,0.3552927105911805,99761.10043014615,20863.796027929202,14031.643421983963,0.503902144232133,False,0.006715729342520849,-29.660168766701233,45995.18248701747,-54.00481751298254
2025-10-09 20:26:42.009350,71074.88594908282,0.3625837903899171,99761.10043014615,20863.796027929202,14039.331993722037,0.5089246003622797,False,0.01045004946551642,-28.925114050917177,46939.06491374188,-53.06093508625812
2025-10-10 20:26:42.009350,70330.31164550061,0.3550431048422165,99761.10043014615,20863.796027929202,14047.024778376132,0.5036162930391513,False,-0.010475912745264382,-29.669688354499392,45962.869237600375,-54.03713076239962
2025-10-11 20:26:42.009350,70206.86708563965,0.35372854877603366,99761.10043014615,20863.796027929202,14054.721778254694,0.5026338696528128,False,-0.0017552113302609085,-29.793132914360353,45792.69055295218,-54.20730944704781
2025-10-12 20:26:42.009350,69984.9865247533,0.35142723315993496,99761.10043014615,20863.796027929202,14062.422995667437,0.5009469779458565,False,-0.003160382596416045,-30.0150134752467,45494.768787131114,-54.505231212868885
2025-10-13 20:26:42.009350,69640.25495716262,0.3478944232437556,99761.10043014615,20863.796027929202,14070.128432925338,0.4983659309928829,False,-0.004925793155204139,-30.359745042837382,45037.42127635263,-54.96257872364737
2025-10-14 20:26:42.009350,71001.67682592059,0.3614639629090739,99761.10043014615,20863.796027929202,14077.838092340638,0.5078759307905008,False,0.01954935216126663,-28.99832317407941,46794.09523719079,-53.20590476280921
2025-10-15 20:26:42.009350,71409.88678729834,0.36547851443030516,99761.10043014615,20863.796027929202,14085.551976226852,0.5105811033105786,False,0.005749300292985815,-28.590113212701663,47313.807644223634,-52.68619235577636
2025-10-16 20:26:42.009350,70614.21751771773,0.3574254017762896,99761.10043014615,20863.796027929202,14093.270086898758,0.5049571128355713,False,-0.011142284428353633,-29.385782482282274,46271.274614222464,-53.72872538577753
2025-10-17 20:26:42.009350,71389.05536307569,0.36511492707499527,99761.10043014615,20863.796027929202,14100.992426672401,0.5102220042445567,False,0.010972830579954351,-28.61094463692431,47266.73866065338,-52.73326133934661
2025-10-18 20:26:42.009350,73087.13976365881,0.38205898464956084,99761.10043014615,20863.796027929202,14108.718997865099,0.521495640151132,False,0.02378634080457953,-26.912860236341196,49460.268099847046,-50.53973190015295
2025-10-19 20:26:42.009350,74003.53301755317,0.3911673690303074,94593.18296539635,22201.05990526595,14800.706603510635,0.5,True,0.01253836525629115,-25.99646698244683,50639.4136023181,-49.36058639768191
2025-10-20 20:26:42.009350,73008.51127812367,0.3805626754973965,94593.18296539635,22201.05990526595,14808.816579731736,0.4930744945064048,False,-0.013445597782385521,-26.991488721876333,49266.560178296175,-50.73343982170382
2025-10-21 20:26:42.009350,72773.01137094287,0.3779872856057844,94593.18296539635,22201.05990526595,14816.930999775424,0.4913225355434159,False,-0.0032256500380301034,-27.226988629057125,48933.157537294006,-51.066842462705985
2025-10-22 20:26:42.009350,73804.66436743013,0.3888076650253081,94593.18296539635,22201.05990526595,14825.049866076672,0.4983229029128654,False,0.014176313128347218,-26.195335632569872,50333.93304195227,-49.666066958047736
2025-10-23 20:26:42.009350,73400.41339246067,0.3844482146184493,94593.18296539635,22201.05990526595,14833.173181071783,0.49544925737241546,False,-0.0054773093060477285,-26.599586607539326,49769.57100741198,-50.23042899258803
2025-10-24 20:26:42.009350,73838.21063887731,0.3889905026229369,94593.18296539635,22201.05990526595,14841.300947198397,0.4983307351036917,False,0.005964506549517745,-26.16178936112269,50357.602676644274,-49.64239732335572
2025-10-25 20:26:42.009350,74527.9264266263,0.3961959221540805,94593.18296539635,22201.05990526595,14849.433166895491,0.5028642973364069,False,0.009340906040128827,-25.4720735733737,51290.39576907507,-48.70960423092493
2025-10-26 20:26:42.009350,73952.7956964573,0.3900298604190581,94593.18296539635,22201.05990526595,14857.56984260338,0.4988880488037503,False,-0.007716982851189824,-26.047204303542703,50492.15497697814,-49.50784502302186
2025-10-27 20:26:42.009350,74022.02672040324,0.3906756774628504,94593.18296539635,22201.05990526595,14865.71097676371,0.4992467441882043,False,0.0009361515449681779,-25.977973279596757,50575.76061226694,-49.42423938773306
2025-10-28 20:26:42.009350,71808.92965489828,0.3671936189156368,94593.18296539635,22201.05990526595,14873.856571819471,0.4837004721381967,False,-0.029897817765302426,-28.19107034510172,47535.8401865065,-52.4641598134935
2025-10-29 20:26:42.009350,71209.09929597515,0.3607663014466701,94593.18296539635,22201.05990526595,14882.006630214988,0.4792369668748648,False,-0.008353144404265933,-28.790900704024857,46703.77797111453,-53.296222028885474
2025-10-30 20:26:42.009350,71141.22098506581,0.359962513766557,94593.18296539635,22201.05990526595,14890.161154395928,0.47862546430784214,False,-0.000953225242004585,-28.85877901493419,46599.721907126885,-53.40027809287311
2025-10-31 20:26:42.009350,70403.70637457143,0.3520795608990071,94593.18296539635,22201.05990526595,14898.320146809296,0.4730479123543007,False,-0.01036690965212994,-29.596293625428572,45579.21727848924,-54.42078272151076
2025-11-01 20:26:42.009350,71613.7975902916,0.3647858438989744,94593.18296539635,22201.05990526595,14906.483609903438,0.48183807082170543,False,0.017187890780665294,-28.386202409708407,47224.13648987058,-52.77586351012942
2025-11-02 20:26:42.009350,70742.90132688914,0.35549274082252313,94593.18296539635,22201.05990526595,14914.651546128043,0.47534366338907236,False,-0.012161012161160834,-29.25709867311086,46021.07783110774,-53.97892216889226
2025-11-03 20:26:42.009350,70549.53069587916,0.3533621111460715,94593.18296539635,22201.05990526595,14922.82395793414,0.4737897829082437,False,-0.0027334280526105648,-29.45046930412084,45745.25258094265,-54.254747419057345
2025-11-04 20:26:42.009350,70738.57515110195,0.35527416822791213,94593.18296539635,22201.05990526595,14931.000847774105,0.4750804539994807,False,0.00267959904705406,-29.261424848898056,45992.782045474916,-54.007217954525075
2025-11-05 20:26:42.009350,71825.65851575996,0.36667987380317696,94593.18296539635,22201.05990526595,14939.182218101652,0.4829112201565364,False,0.015367617489268515,-28.17434148424004,47469.33220732482,-52.53066779267518
2025-11-06 20:26:42.009350,70945.30262553383,0.35728657805351,94593.18296539635,22201.05990526595,14947.368071371846,0.47637931474172396,False,-0.012256843980524845,-29.054697374466166,46253.302890422805,-53.7466971095772
2025-11-07 20:26:42.009350,71844.49426672215,0.36670587524372095,94593.18296539635,22201.05990526595,14955.55841004109,0.4828188479222447,False,0.012674435204462542,-28.155505733277852,47472.698279769014,-52.52730172023099
2025-11-08 20:26:42.009350,71955.36752891303,0.3677913491906375,94593.18296539635,22201.05990526595,14963.753236567141,0.48350186486227653,False,0.001543239510870098,-28.04463247108697,47613.22064565222,-52.38677935434779
2025-11-09 20:26:42.009350,71381.0022770537,0.36163271755949344,94593.18296539635,22201.05990526595,14971.952553409095,0.47923101003269664,False,-0.00798224332088271,-28.618997722946293,46815.94173364344,-53.18405826635656
2025-11-10 20:26:42.009350,71801.41487549647,0.36599041835676166,94593.18296539635,22201.05990526595,14980.156363027401,0.4821659666071272,False,0.0058896987297965,-28.198585124503527,47380.07726870878,-52.61992273129121
2025-11-11 20:26:42.009350,72042.69567329608,0.3684543643371864,94593.18296539635,22201.05990526595,14988.364667883854,0.48378632662777044,False,0.0033603905747261464,-27.957304326703913,47699.05269834599,-52.300947301654
2025-11-12 20:26:42.009350,71728.85410458308,0.36504973874816743,94593.18296539635,22201.05990526595,14996.577470441598,0.4814131936156106,False,-0.0043563273941917835,-28.271145895416915,47258.29956550988,-52.74170043449013
2025-11-13 20:26:42.009350,71879.27800785507,0.3665530881026392,94593.18296539635,22201.05990526595,15004.794773165127,0.4823841347660008,False,0.0020971184490508055,-28.120721992144926,47452.91889160192,-52.547081108398075
2025-11-14 20:26:42.009350,71714.56848622528,0.3647249296501616,94593.18296539635,22201.05990526595,15013.016578520286,0.48108066088504464,False,-0.0022914743469152343,-28.285431513774718,47216.25070469492,-52.783749295305086
2025-11-15 20:26:42.009350,71894.66837621266,0.3665419060341391,94593.18296539635,22201.05990526595,15021.24288897427,0.4822661591613136,False,0.0025113431453187562,-28.105331623787333,47451.47129285893,-52.548528707141074
2025-11-16 20:26:42.009350,72459.80793645003,0.3724293148807125,94593.18296539635,22201.05990526595,15029.473706995625,0.4861905562196058,False,0.007860660226987726,-27.540192063549974,48213.63847558341,-51.78636152441659
2025-11-17 20:26:42.009350,73701.19457169795,0.38546568038329215,94593.18296539635,22201.05990526595,15037.709035054253,0.4947331701103757,False,0.017132071842319352,-26.298805428302042,49901.289227722125,-50.098710772277876
2025-11-18 20:26:42.009350,72913.20527839246,0.3770482753556601,94593.18296539635,22201.05990526595,15045.948875621407,0.489159629745075,False,-0.010691676001790218,-27.086794721607543,48811.59594448851,-51.18840405551149
2025-11-19 20:26:42.009350,74575.43538775074,0.39453352854155893,94593.18296539635,22201.05990526595,15054.193231169693,0.5004353250808519,False,0.02279738084496019,-25.424564612249256,51075.18702627268,-48.92481297372731
2025-11-20 20:26:42.009350,73250.42495211755,0.38043886265930077,94593.18296539635,22201.05990526595,15062.442104173073,0.4912862002671318,False,-0.017767384511318873,-26.749575047882445,49250.53172087871,-50.74946827912129
2025-11-21 20:26:42.009350,73245.01822077602,0.38029445347623814,94593.18296539635,22201.05990526595,15070.695497106866,0.4911359665441295,False,-7.381160375607987e-05,-26.754981779223975,49231.83691929746,-50.76816308070254
2025-11-22 20:26:42.009350,73775.59908275097,0.38581623559900635,94593.18296539635,22201.05990526595,15078.953412447747,0.49468369242385574,False,0.00724391740030228,-26.224400917249035,49946.67110761412,-50.05332889238587
2025-11-23 20:26:42.009350,74086.63145929475,0.38901699411908414,94593.18296539635,22201.05990526595,15087.215852673746,0.4966936001345004,False,0.004215924782866365,-25.91336854070525,50361.032190291255,-49.638967809708745
2025-11-24 20:26:42.009350,73735.34558180427,0.3852159501769165,94593.18296539635,22201.05990526595,15095.482820264251,0.4941836587155848,False,-0.004741555535339503,-26.264654418195732,49868.95986640296,-50.13104013359704
2025-11-25 20:26:42.009350,73687.75106966906,0.3846253578337938,94593.18296539635,22201.05990526595,15103.754317700012,0.49374470408663135,False,-0.000645477576048159,-26.312248930330938,49792.5034635903,-50.2074965364097
2025-11-26 20:26:42.009350,73433.60977139496,0.38185119039581655,94593.18296539635,22201.05990526595,15112.030347463135,0.49187993932358914,False,-0.0034488947563865446,-26.56639022860504,49433.36764752756,-50.56663235247244
2025-11-27 20:26:42.009350,73112.07489344335,0.3783645179720097,94593.18296539635,22201.05990526595,15120.310912037086,0.48953205237716485,False,-0.004378579222137802,-26.887925106556654,48981.99296511822,-51.018007034881784
2025-11-28 20:26:42.009350,73828.76320469024,0.38585346365677886,94593.18296539635,22201.05990526595,15128.596013906696,0.4943751689883226,False,0.009802598439333288,-26.17123679530976,49951.49054595282,-50.04850945404718
2025-11-29 20:26:42.009350,74194.3313030483,0.38963046370589777,94593.18296539635,22201.05990526595,15136.885655558151,0.49675473981541163,False,0.004951567417491587,-25.8056686969517,50440.45021592082,-49.55954978407918
2025-11-30 20:26:42.009350,73789.79881866858,0.38526623094240575,94593.18296539635,22201.05990526595,15145.179839479006,0.4938834318207075,False,-0.0054523368197415545,-26.210201181331417,49875.4690711103,-50.1245309288897
2025-12-01 20:26:42.009350,74555.85153919536,0.39327689268454,94593.18296539635,22201.05990526595,15153.478568158172,0.49897241192683367,False,0.01038155317931233,-25.444148460804648,50912.506526953846,-49.08749347304615
2025-12-02 20:26:42.009350,74890.21781806345,0.3967238958693215,94593.18296539635,22201.05990526595,15161.78184408593,0.5010985034104148,False,0.004484775801833818,-25.109782181936545,51358.745742651656,-48.64125425734834
2025-12-03 20:26:42.009350,75611.90877362402,0.4042654872137371,94593.18296539635,22201.05990526595,15170.089669753923,0.505750480563768,False,0.009636651843019317,-24.388091226375984,52335.05868065629,-47.66494131934371
2025-12-04 20:26:42.009350,76204.36663048329,0.41044083157414135,94593.18296539635,22201.05990526595,15178.402047655158,0.5094839888352466,False,0.00783550986172088,-23.79563336951671,53134.50117499948,-46.865498825000515
2025-12-05 20:26:42.009350,75672.19159539677,0.4047269740764706,94593.18296539635,22201.05990526595,15186.71898028401,0.5059244605276596,False,-0.0069835241550795235,-24.327808404603235,52394.801455652916,-47.60519854434708
2025-12-06 20:26:42.009350,75350.80607444028,0.40124144794791966,94593.18296539635,22201.05990526595,15195.04047013622,0.5037066977298431,False,-0.004247075632153985,-24.64919392555972,51943.575169362906,-48.05642483063709
2025-12-07 20:26:42.009350,76028.93984796321,0.4083223781265274,94593.18296539635,22201.05990526595,15203.366519708898,0.5080238327698199,False,0.008999688375635806,-23.971060152036795,52860.25222474344,-47.13974777525656
2025-12-08 20:26:42.009350,76611.15353932626,0.4143892326458575,94593.18296539635,22201.05990526595,15211.69713150052,0.5116539131921354,False,0.007657790474618231,-23.38884646067374,53645.64993322573,-46.35435006677427
2025-12-09 20:26:42.009350,76702.55269637756,0.4152673506871044,94593.18296539635,22201.05990526595,15220.03230801093,0.512127160077631,False,0.0011930267699777897,-23.29744730362243,53759.32859408283,-46.24067140591717
2025-12-10 20:26:42.009350,76902.85685755673,0.41729671909855726,94593.18296539635,22201.05990526595,15228.372051741348,0.5132894474084891,False,0.002611440612310112,-23.097143142443265,54022.04484925972,-45.97795515074028
2025-12-11 20:26:42.009350,78035.13568755463,0.4291784898700942,94593.18296539635,22201.05990526595,15236.716365194357,0.5202446187784224,False,0.0147234950204147,-21.964864312445364,55560.22505564901,-44.43977494435099
2025-12-12 20:26:42.009350,77667.04773230702,0.425198955308234,94593.18296539635,22201.05990526595,15245.065250873917,0.5178634150585402,False,-0.004716951562965144,-22.332952267692974,55045.04584445273,-44.95495415554727
2025-12-13 20:26:42.009350,78220.08240934256,0.43095709981240354,94593.18296539635,22201.05990526595,15253.418711285354,0.5211654416247744,False,0.007120583222651522,-21.779917590657437,55790.47883353716,-44.20952116646284
2025-12-14 20:26:42.009350,78165.68031092988,0.4302936256158997,94593.18296539635,22201.05990526595,15261.776748935374,0.5207252530115457,False,-0.0006955003975576135,-21.834319689070124,55704.58735354354,-44.29541264645647
2025-12-15 20:26:42.009350,78098.53829111774,0.42949542182529,94593.18296539635,22201.05990526595,15270.13936633205,0.5202061384052862,False,-0.000858970580759455,-21.901461708882252,55601.25416398884,-44.398745836011166
2025-12-16 20:26:42.009350,79113.16146034603,0.44013314367828665,94593.18296539635,22201.05990526595,15278.506565984835,0.5262537132960272,False,0.012991576941506988,-20.88683853965396,56978.383340268825,-43.02161665973118
2025-12-17 20:26:42.009350,79919.82873685936,0.44857239339024146,89082.42004466384,23975.948621057807,15983.965747371873,0.5,True,0.01019637265940454,-20.080171263140645,58070.90457412413,-41.92909542587587
2025-12-18 20:26:42.009350,80684.84306152903,0.45706178991645485,88264.69947999503,24205.452918458708,16136.968612305805,0.5,True,0.00957227182241005,-19.315156938470967,59169.917671741925,-40.83008232825808
2025-12-19 20:26:42.009350,81863.37919099221,0.47031390499498876,87030.57502825106,24559.013757297664,16372.675838198444,0.5,True,0.0146066607400408,-18.136620809007788,60885.49874955775,-39.114501250442245
2025-12-20 20:26:42.009350,81990.65695133846,0.47167327129908854,86914.67371631929,24597.197085401538,16398.131390267692,0.5,True,0.0015547582032902074,-18.009343048661542,61061.478439993094,-38.93852156000691
2025-12-21 20:26:42.009350,82664.97073772382,0.47932823311926187,86230.02467408999,24799.491221317145,16532.994147544767,0.5,True,0.008224275929214375,-17.33502926227618,62052.46799692538,-37.94753200307463
2025-12-22 20:26:42.009350,82519.26791630458,0.47753347547098873,86401.55314233863,24755.780374891376,16503.853583260916,0.5,True,-0.0017625702896758577,-17.480732083695415,61820.12378300966,-38.17987621699034
2025-12-23 20:26:42.009350,82898.4641660038,0.4818175771890045,86026.8160510517,24869.539249801135,16579.69283320076,0.4999999999999999,True,0.00459524495641217,-17.101535833996195,62374.73139087531,-37.62526860912468
2025-12-24 20:26:42.009350,82900.88204840006,0.4817400794841488,86043.16474681845,24870.264614520016,16580.176409680014,0.5,True,2.9166793626078658e-05,-17.09911795159994,62364.6987587078,-37.635301241292204
2025-12-25 20:26:42.009350,83091.75058270528,0.48385278078552973,85864.70294518792,24927.525174811584,16618.350116541056,0.5,True,0.002302370367950779,-16.90824941729472,62638.20305249386,-37.36179694750614
2025-12-26 20:26:42.009350,83700.63311186945,0.4908379162756938,85263.0067242569,25110.189933560836,16740.12662237389,0.5,True,0.007327833688593577,-16.29936688813055,63542.47880031893,-36.45752119968107
2025-12-27 20:26:42.009350,83130.45277617642,0.48404302327258253,85870.93375929374,24939.135832852924,16626.090555235285,0.5,True,-0.006812138863166783,-16.869547223823577,62662.83130308255,-37.337168696917445
2025-12-28 20:26:42.009350,85020.82544553485,0.5059510473314128,84020.80190758426,25506.247633660456,17004.16508910697,0.5,True,0.022739833673806054,-14.979174554465146,65498.98170661656,-34.50101829338343
2025-12-29 20:26:42.009350,84284.00260581511,0.4970706251798345,84780.71156922833,25285.200781744534,16856.800521163022,0.5,True,-0.008666380688008624,-15.715997394184889,64349.347545127705,-35.6506524548723
2025-12-30 20:26:42.009350,83381.30882438496,0.48631428252150705,84780.71156922833,25285.200781744534,16866.03712418832,0.4944761781718917,False,-0.010710143722669763,-16.61869117561504,62956.86205720578,-37.043137942794225
2025-12-31 20:26:42.009350,84458.10913360969,0.4989062816364871,84643.26091122213,25337.432740082906,16891.621826721937,0.5,True,0.012914168947535387,-15.541890866390318,64586.98640230189,-35.413013597698104
2026-01-01 20:26:42.009350,85244.19433790888,0.5080839705953428,83887.89970880676,25573.25830137266,17048.838867581777,0.5,True,0.009307397624254587,-14.755805662091126,65775.10387808477,-34.22489612191523
2026-01-02 20:26:42.009350,85892.14392115848,0.5156966031198174,83277.78717324829,25767.643176347545,17178.428784231695,0.5,True,0.007601099268779832,-14.107856078841518,66760.61360494407,-33.23938639505594
2026-01-03 20:26:42.009350,86548.45440016262,0.5234645525727533,82668.87793527696,25964.536320048785,17309.690880032525,0.5,True,0.0076411002105918335,-13.451545599837377,67766.23021904012,-32.233769780959875
2026-01-04 20:26:42.009350,86650.34970838059,0.5245823921805953,82589.83812646718,25995.104912514176,17330.069941676116,0.5,True,0.0011773209461007905,-13.349650291619419,67910.94255121368,-32.08905744878632
2026-01-05 20:26:42.009350,85990.38585860221,0.516476555025564,83247.13389395377,25797.11575758066,17198.077171720444,0.5,True,-0.007616401457114286,-14.009614141397787,66861.58395746333,-33.13841604253667
2026-01-06 20:26:42.009350,86167.08245906307,0.518485909446633,83247.13389395377,25797.11575758066,17207.500775650155,0.5009159495023893,False,0.0020548413487921913,-13.83291754093694,67121.70925844228,-32.87829074155773
2026-01-07 20:26:42.009350,85696.55874870636,0.5127205160276066,83247.13389395377,25797.11575758066,17216.929543198457,0.49806566414280384,False,-0.005460596981222476,-14.303441251293636,66375.33784548442,-33.62466215451558
2026-01-08 20:26:42.009350,86649.22274505302,0.5240509969490513,83247.13389395377,25797.11575758066,17226.36347719473,0.5034753010842018,False,0.011116712389119598,-13.350777254946976,67842.14963788053,-32.15785036211947
2026-01-09 20:26:42.009350,86632.88794680378,0.5237413898752842,83247.13389395377,25797.11575758066,17235.802580469903,0.5032727251979113,False,-0.0001885163851648164,-13.367112053196218,67802.06878783017,-32.19793121216983
2026-01-10 20:26:42.009350,86029.08027268034,0.5163747464747893,83247.13389395377,25797.11575758066,17245.24685585646,0.4996765921824485,False,-0.0069697281071157136,-13.970919727319664,66848.40411241716,-33.15159588758284
2026-01-11 20:26:42.009350,85863.13584197569,0.5142678405330176,83247.13389395377,25797.11575758066,17254.696306188438,0.49859958360940176,False,-0.00192893414853057,-14.13686415802431,66575.6500693817,-33.42434993061829
2026-01-12 20:26:42.009350,86328.47327285609,0.5197440987709068,83247.13389395377,25797.11575758066,17264.15093430142,0.5011927692062909,False,0.005419525228345101,-13.671526727143913,67284.59086520788,-32.71540913479212
2026-01-13 20:26:42.009350,85952.58222525308,0.5151151002900098,83247.13389395377,25797.11575758066,17273.610743032543,0.49890130830811824,False,-0.004354195474011724,-14.047417774746918,66685.33390463947,-33.314666095360536
2026-01-14 20:26:42.009350,85360.74559652118,0.5078920093222675,83247.13389395377,25797.11575758066,17283.075735220507,0.49531612930807306,False,-0.006885617783778608,-14.63925440347882,65750.25311835248,-34.24974688164751
2026-01-15 20:26:42.009350,85675.36136001958,0.5115575479509253,83247.13389395377,25797.11575758066,17292.54591370556,0.49705888615727484,False,0.0036857194873332055,-14.324638639980414,66224.7833102548,-33.7752166897452
2026-01-16 20:26:42.009350,85993.05228170918,0.5152599643543332,83247.13389395377,25797.11575758066,17302.021281329507,0.49880675362331106,False,0.0037080779893605698,-14.006947718290819,66704.08759385328,-33.29591240614671
2026-01-17 20:26:42.009350,85667.89738723352,0.5112401808683557,83247.13389395377,25797.11575758066,17311.501840935714,0.4967937942534289,False,-0.0037811763374845375,-14.332102612766484,66183.69787156433,-33.81630212843566
2026-01-18 20:26:42.009350,85375.46815732378,0.5076134495898021,83247.13389395377,25797.11575758066,17320.987595369104,0.49495909909981606,False,-0.003413521737179015,-14.624531842676225,65714.19156868837,-34.28580843131163
2026-01-19 20:26:42.009350,85679.12653672668,0.5111471139159588,83247.13389395377,25797.11575758066,17330.478547476156,0.49663825895132097,False,0.0035567404309084782,-14.32087346327332,66171.64968894926,-33.82835031105075
2026-01-20 20:26:42.009350,84568.7424432348,0.49769463580965895,83247.13389395377,25797.11575758066,17339.97470010491,0.48991685093767906,False,-0.012959797075147605,-15.4312575567652,64430.130184165966,-35.56986981583403
2026-01-21 20:26:42.009350,83520.41238361981,0.4849875146616493,83247.13389395377,25797.11575758066,17349.47605610497,0.4834006372537066,False,-0.012396188347233217,-16.479587616380186,62785.102468526,-37.214897531474
2026-01-22 20:26:42.009350,83044.80283286606,0.4791600934606473,83247.13389395377,25797.11575758066,17358.982618327493,0.4803275231712807,False,-0.005694530680346976,-16.95519716713394,62030.7011155604,-37.96929888443961
2026-01-23 20:26:42.009350,82974.870535644,0.47820577750040094,83247.13389395377,25797.11575758066,17368.494389625208,0.4797749021052951,False,-0.0008421032362831982,-17.02512946435599,61907.15808911111,-38.0928419108889
2026-01-24 20:26:42.009350,83323.7386773555,0.4822822080345331,83247.13389395377,25797.11575758066,17378.0113728524,0.4818388154951265,False,0.004204503598009612,-16.676261322644493,62434.881176930954,-37.56511882306904
2026-01-25 20:26:42.009350,84629.34852485206,0.49785136445900635,83247.13389395377,25797.11575758066,17387.53357086492,0.48972017295201,False,0.015669122248008094,-15.370651475147945,64450.41982876825,-35.549580171231746
2026-01-26 20:26:42.009350,85451.30558577631,0.5076106151054481,83247.13389395377,25797.11575758066,17397.06098652019,0.49451706503486503,False,0.009712435168786282,-14.548694414223695,65713.82462441614,-34.28617537558386
2026-01-27 20:26:42.009350,85420.96723462992,0.5071316678379759,83247.13389395377,25797.11575758066,17406.59362267719,0.4942259403175789,False,-0.00035503671873027276,-14.579032765370082,65651.82147514693,-34.34817852485307
2026-01-28 20:26:42.009350,85509.49966225468,0.508080584207951,83247.13389395377,25797.11575758066,17416.131482196462,0.4946380529594868,False,0.001036425019416809,-14.490500337745328,65774.66548601701,-34.225334513982986
2026-01-29 20:26:42.009350,84772.58457764986,0.49911381099388,83247.13389395377,25797.11575758066,17425.674567940132,0.4901324462281829,False,-0.008617932364421321,-15.227415422350143,64613.85256189413,-35.38614743810587
2026-01-30 20:26:42.009350,84859.8778864341,0.5000477169473454,83247.13389395377,25797.11575758066,17435.22288277188,0.4905444160760009,False,0.0010297351345267547,-15.140122113565901,64734.75336699052,-35.26524663300948
2026-01-31 20:26:42.009350,84722.39123645765,0.49828140752762606,83247.13389395377,25797.11575758066,17444.77642955696,0.48960491369452974,False,-0.0016201608274812873,-15.27760876354235,64506.09197972662,-35.49390802027338
2026-02-01 20:26:42.009350,85093.73638004278,0.5026273392739462,83247.13389395377,25797.11575758066,17454.335211162197,0.49171992195083924,False,0.004383081475459294,-14.906263619957215,65068.703926972914,-34.931296073027085
2026-02-02 20:26:42.009350,84508.39174784799,0.4954810433756824,83247.13389395377,25797.11575758066,17463.899230455983,0.4880861640685727,False,-0.006878821604219487,-15.491608252152012,64143.56481167852,-35.85643518832148
2026-02-03 20:26:42.009350,85041.24528722168,0.5017669568365348,83247.13389395377,25797.11575758066,17473.46849030829,0.49118120152468187,False,0.0063053328592928,-14.958754712778322,64957.321266879735,-35.04267873312027
2026-02-04 20:26:42.009350,86446.61952188637,0.5185338972234602,83247.13389395377,25797.11575758066,17483.04299359065,0.49934238041299306,False,0.016525795570350832,-13.553380478113631,67127.92161936758,-32.872078380632416
2026-02-05 20:26:42.009350,86457.69901612951,0.518551912794537,83247.13389395377,25797.11575758066,17492.62274317618,0.4992957366043164,False,0.00012816573168983325,-13.542300983870492,67130.25386389325,-32.869746136106755
2026-02-06 20:26:42.009350,86911.56469668227,0.5238888014176978,83247.13389395377,25797.11575758066,17502.207741939565,0.5018002074794873,False,0.005249569277434585,-13.088435303317736,67821.15226630268,-32.17884773369731
2026-02-07 20:26:42.009350,87624.70047731252,0.5323400897312267,83247.13389395377,25797.11575758066,17511.797992757067,0.5057453718594893,False,0.008205303668379127,-12.375299522687477,68915.23198323343,-31.084768016766574
